<?xml version="1.0" encoding="UTF-8"?>
<addon
  id="pvr.tca1tv"
  version="4.0.1"
  name="TCA1TV"
  provider-name="TCSystem (Thomas Goessler)">

  <requires>
    <c-pluff version="0.1"/>
    <import addon="xbmc.pvr" version="1.9.6"/>
  </requires>

  <extension
    point="xbmc.pvrclient"
    library_linux="libTCA1TVKodiPlugin.so"
    library_osx="TCA1TVKodiPlugin.pvr"
    library_wingl="TCA1TVKodiPlugin.dll"
    library_windx="TCA1TVKodiPlugin.dll"
    library_android="libTCA1TVKodiPlugin_arm-linux-androideabi-4.8.so">
    <provides>video</provides>
  </extension>


  <extension point="xbmc.addon.metadata">
    <summary lang="en">TCA1TV Client</summary>
    <description lang="en">TCA1TV Client for viewing A1-TV with KODI</description>
    <disclaimer lang="en">TCA1TV (4.0.1) importer by TCSystem (Thomas Goessler)</disclaimer>
    <language></language>
    <license>
      GNU LESSER GENERAL PUBLIC LICENSE
      Version 2.1, February 1999
    </license>
    <platform>wingl windx android linux</platform>
    <forum></forum>
    <website>https://bitbucket.org/the____tiger/tca1tv</website>
    <email>the____tiger@hotmail.com</email>
    <source>https://bitbucket.org/the____tiger/tca1tv/src</source>
  </extension>

</addon>
